12573ea0,Aleshia,Tomkiewicz,BA2503,N
f9b93be9,Evan,Zigomalas,BA2503,N
82efa257,France,Andrade,BA2503,N
df8fa30d,Ulysses,Mcwalters,BA2503,N
3c792c6b,Tyisha,Veness,BA2503,N
8d8fda27,Eric,Rampy,BA2503,N
a42be42c,Marg,Grasmick,BA2503,N
a01cf193,Laquita,Hisaw,BA2503,N
28178440,Lura,Manzella,BA2503,N
b50a001f,Yuette,Klapec,BA2503,N
30a27aca,Fernanda,Writer,BA2503,N
2b4a238,Charlesetta,Erm,BA2503,N
e8f6eb82,Corrinne,Jaret,BA2503,N
b216250b,Niesha,Bruch,BA2503,N
d68f5001,Rueben,Gastellum,BA2503,N
963798d3,Michell,Throssell,BA2503,N
e11a769a,Edgar,Kanne,BA2503,N
851d7cac,Dewitt,Julio,BA2503,N
21cb0bd3,Charisse,Spinello,BA2503,N
e893215b,Mee,Lapinski,BA2503,N
fc8ab398,Peter,Gutierres,BA8857,N
69d15c19,Octavio,Salvadore,BA8857,N
59cbf5f1,Martha,Teplica,BA8857,N
300fffa7,Tamesha,Veigel,BA8857,N
9c254879,Tess,Sitra,BA8857,N
1e065896,Leonard,Kufner,BA8857,N
770b911f,Svetlana,Tauras,BA8857,N
c2d22b0b,Pok,Molaison,BA8857,N
d7fc2ab1,Augustine,Growcock,BA8857,N
3fe48fc2,Karma,Quarto,BA8857,N
d2a6ef7a,Reed,Weisinger,BA8857,N
f5e00c46,German,Zelaya,BA8857,N
6ed034fd,Milly,Savidge,BA8857,N
fe840d8e,Luis,Ear,BA8857,N
d577cc64,Ciara,Cobbley,BA8857,N
a6836be4,Alethea,Mould,BA8857,N
8614c5a7,Margurite,Loperfido,BA8857,N
350785d5,Vernice,Sperazza,BE294,N
136b1209,Vicente,Rawicki,BE294,N
d9aca42f,Craig,Cua,BE294,N
496a6528,Jenise,Dulle,BE294,N
51863a83,Marylin,Cornelison,BE294,N
b86f3120,Marget,Gunst,BE294,N
53e8b3c,Annett,Bunselmeyer,BE294,N
fac653a7,Kip,Turziano,BE294,N
ec060d38,Melina,Orizabal,BE294,N
7fb82dc4,Tina,Clapham,BE294,N
ed6a46b4,Luisa,Devereux,BE294,N
7e27ab63,Pedro,Aschoff,BE294,N
5d7f25ba,Carrol,Kunimitsu,BE294,N
94aee113,Alba,Mosseri,BE294,N
26fb49f0,Domonique,Sandlin,BE294,N
152653ff,Rory,Neufville,BE294,N
8ea73eb,Dustin,Klingaman,BE849,N
f58c66c9,Lyndia,Moonshower,BE849,N
a235a1cb,Jules,Hiltner,BE849,N
2bad9281,Dong,Kopczynski,BE849,N
175fa47,Justine,Salta,BE849,N
3577dae5,Chantay,Kamens,BE849,N
a0aae7ed,Tequila,Chisum,BE849,N
2485296a,Maybelle,Consolazio,BE849,N
42e885f4,Margarett,Bairo,BE849,N
b06f70f3,Janessa,Noonon,BE849,N
d13f5861,Sol,Cowser,BE849,N
3f4277d8,Louann,Smethers,BE849,N
a74178a5,Lindsay,Yadao,BE849,N
98c827a5,Malika,Hanton,BE849,N
d40463c,Stefany,Ferenz,BE849,N
6110f9e8,Abraham,Cratch,BE849,N
a6f9bcb8,Giuseppe,Rohaley,BE849,N
7ff8572e,Kiera,Bassil,BE849,N
2c16f95e,Wendell,Rubano,BE849,N
f851ff11,Stevie,Stifflemire,BE849,N
d6857c1f,Yun,Paletta,BE849,N
6722e1c7,Brittani,Thurm,BE851,N
6a645b9a,Billy,Venus,BE851,N
24dcac34,Brynn,Elkan,BE851,N
492a3fd6,Elroy,Piehler,BE851,N
8e0cedb7,Anisha,Shulick,BE851,N
486b2304,Bettina,Kham,BE851,N
f9074005,Velda,Mancilla,BE851,N
ae15f147,Marta,Brace,BE851,N
b78accd1,Juan,Vanwyhe,BE851,N
2978e782,Lelia,Filion,BE851,N
d7846461,Una,Frankel,BE851,N
a52ce139,Eva,Joulwan,BE851,N
45d26982,Mammie,Dormanen,BE851,N
c5b221fb,Jeannetta,Coolidge,BE851,N
f07d1a34,Elbert,Drawe,BE851,N
94ef46cc,Lenny,Gazzola,BE851,N
d589466c,Mira,Alpheaus,BE851,N
80860fe1,Cathern,Ungar,BE851,N
ee9093d2,Malcom,Fleckles,BE851,N
e9e1a54,Monroe,Damato,BE851,N
f2a67065,Leota,Fletchen,BE851,N
147f3401,Berry,Gutoski,BE2107,N
a1781487,Meghan,Riherd,BE2107,N
d1865684,Mike,Torner,BE2107,N
815814d0,Elsa,Delisle,BE2107,N
89b34bc5,Linwood,Rosenlof,BE2107,N
d367537f,Latosha,Alexy,BE2107,N
669a5421,Alexia,Meenan,BE2107,N
456bd88d,Graham,Stanwick,BE2107,N
6ea0dcfa,Elinore,Fulda,BE2107,N
a5a1577a,Lisbeth,Creecy,BE2107,N
ddbbdafa,Eloisa,Faurote,BE2107,N
de2cc571,Shawana,Cantua,BE2107,N
58fe5755,Alyssa,Ansbro,BE2107,N
c55649e7,Kyoko,Mcmillian,BE2107,N
47d0ab7,Terry,Gauthier,BE2107,N
21163612,Sena,Langenbach,BE2107,N
706a1008,Cristen,Nesset,BE2107,N
e28f8ca,Lashawn,Ker,EJU2684,N
28378ff8,Wade,Sovel,EJU2684,N
cd9750eb,Whitney,Tishler,EJU2684,N
d201efa2,Deja,Conatser,EJU2684,N
bbf9c7e2,Earnestine,Casper,EJU2684,N
43fd0cd0,Frankie,Marruffo,EJU2684,N
5e59147c,Paola,Dease,EJU2684,N
6123c078,Rodrigo,Hawkin,EJU2684,N
9e199d88,Luther,Alsman,EJU2684,N
623b613f,Casey,Dondero,EJU2684,N
6f913331,Ressie,Bontemps,EJU2684,N
802fa476,Sean,Schurman,EJU2684,N
c773e038,Celestina,Pince,EJU2684,N
f2491e4e,Maira,Karas,EJU2684,N
a167aaf8,Beth,Barbone,EJU2684,N
b00da6fc,Wei,Nobel,EJU2684,N
deca4ff1,Melissia,Slotemaker,EJU2684,N
c85e4997,Letha,Akey,EJU2684,N
36e8a582,Isaac,Semrad,EJU2684,N
f343edfc,Kristine,Klipfel,EJU2684,N
f9fb90d4,Odette,Moussette,EJU2684,N
133f4e27,Hobert,Panfilov,EJU2684,N
c4054104,Isadora,Mchughes,EJU2684,N
d5a66e7,Emily,Pogorelc,EJU3386,N
b47831a0,Desire,Barresi,EJU3386,N
57eee725,Rosalind,Stamps,EJU3386,N
75a3e2de,Vernell,Connley,EJU3386,N
11ea453a,Micheline,Mathieson,EJU3386,N
aac12b2e,Nathan,Outhouse,EJU3386,N
373cef89,Allene,Burau,EJU3386,N
82fff983,Julie,Sakshaug,EJU3386,N
15a43fa5,Francisca,Shuhi,EJU3386,N
d6ebcd21,Marisha,Wilcoxon,EJU3386,N
85685350,Telma,Maraia,EJU3386,N
b2a1adf1,Luke,Crete,EJU3386,N
1fb8f2c2,Hubert,Mias,EJU3386,N
c76866f9,Janella,Altobell,EJU3386,N
58f2bbed,Angelo,Lavista,EJU3386,N
6284599a,Tran,Mandiola,EJU3386,N
f96d22dd,Reynalda,Vanhooser,EJU3386,N
26a0ce42,Salley,Rieger,EJU3386,N
977ad937,Cheryll,Yurich,EK024,N
c9a60faa,Crista,Viengxay,EK024,N
34077978,Lino,Sutulovich,EK024,N
d9601d89,Galen,Wendorf,EK024,N
3a30200,Gilbert,Langarica,EK024,N
b7e1c2ff,Whitney,Goossen,EK024,N
826bea20,Socorro,Abrahams,EK024,N
cb454a31,Mauricio,Flam,EK024,N
a18b8122,Phillip,Aloi,EK024,N
3887c923,Gilberto,Erixon,EK024,N
26ae9da7,Thad,Puskarich,EK024,N
7c6b2d74,Bambi,Favaron,EK024,N
10b353be,Marshall,Kozikowski,EK024,N
fb9de275,Chery,Wiederin,EK024,N
ef11a9f3,Eileen,Montecalvo,EK024,N
40ab0432,Melita,Szpak,EK024,N
c30dccda,Ashley,Jessie,EK024,N
c46f2b21,Laila,Fend,EK024,N
36acf59a,Bobbie,Guillereault,EK024,N
d42d5774,Dana,Paluszynski,EK024,N
47877b76,Freida,Newyear,EK024,N
e9b45337,Val,Cellucci,EK024,N
1aaaffd6,Horace,Knapp,EK024,N
268de926,Joana,Reinecke,EK024,N
1d590e6c,Tiara,Schlichter,EZS6917,N
a36f79cb,Dacia,Swaisgood,EZS6917,N
d08a6b02,Myong,Babineaux,EZS6917,N
1dfd608,Gene,Bleile,EZS6917,N
ccc33e83,Kanisha,Difiora,EZS6917,N
a6cdddda,Ayesha,Moeder,EZS6917,N
409d9d98,Lanie,Smalarz,EZS6917,N
20d689de,Jaleesa,Polintan,EZS6917,N
852f9bf1,Tamekia,Flotow,EZS6917,N
6a8bd702,Ula,Otey,EZS6917,N
f732dd7e,Rosendo,Ratel,EZS6917,N
d6da9f2,Timmy,Lintner,EZS6917,N
d5e604b3,Zita,Speltz,EZS6917,N
9f1fc8e8,Aleisha,Lemm,EZS6917,N
2e16df4b,Naomi,Lavezzo,EZS6917,N
fb8e3f4d,Aretha,Bowling,EZY012,N
2667c05d,Mila,Figuera,EZY012,N
bb5d8234,Orville,Zuehl,EZY012,N
a7d80a46,Gabriele,Geschke,EZY012,N
cc6672df,Kara,Jaquish,EZY012,N
16e796fd,Kenny,Lin,EZY012,N
c9ec24db,Vashti,Sugai,EZY012,N
2.12E+155,Jordan,Handsaker,EZY012,N
617e0f0e,Carisa,Degenhardt,EZY012,N
78a6053c,Audrie,Danaher,EZY012,N
7e127ab7,Shaunna,Rodamis,EZY012,N
dea04ae3,Coleen,Langer,EZY012,N
bd846248,Katie,Choinski,EZY012,N
26b10a12,Dannie,Brau,EZY012,N
81abd3fe,Ashanti,Donn,EZY012,N
90df4c2a,Madalyn,Dubberly,EZY012,N
aaef3d1d,Santos,Signore,EZY236,N
f1e7ea08,Alyce,Flamino,EZY236,N
9a3191ef,Pearly,Ero,EZY236,N
bdf3e093,Cherrie,Nitschke,EZY236,N
e44f523,Maia,Shadd,EZY236,N
c45fb25,Edwin,Logghe,EZY236,N
7c8a7d7c,Leigha,Semenza,EZY236,N
13f14623,Walker,Seeger,EZY236,N
6b8d27bd,Nakita,Rodrigues,EZY236,N
849e2d9a,Kattie,Ozane,EZY236,N
e1b8b27d,Lamar,Suite,EZY236,N
fdb4076f,Juliana,Uken,EZY236,N
c6e899f6,Chan,Loftin,EZY236,N
64b324ad,Delpha,Detamore,EZY236,N
10a170aa,Floyd,Tivis,EZY236,N
f7ea7ab6,Chantell,Besong,EZY236,N
d6dbb880,Martin,Fonua,EZY236,N
e3d542e0,Hyun,Erdman,EZY236,N
d84991ec,Nada,Arey,EZY236,N
988a3e14,Elizabeth,Pata,EZY236,N
d61781ed,Dominic,Washmuth,EZY2686,N
c82bc4cd,Alise,Packebush,EZY2686,N
e05b70f2,Flo,Bardsley,EZY2686,N
d0361725,Bonita,Sandblom,EZY2686,N
24814da9,Royal,Rush,EZY2686,N
ecd7b32d,Erasmo,Talentino,EZY2686,N
b4294dde,Mari,Smeby,EZY2686,N
6765e55b,Eleonora,Ventry,EZY2686,N
53f7ba47,Therese,Shiraki,EZY2686,N
732719b,Rodolfo,Scavuzzo,EZY2686,N
9869af2c,Cruz,Fanelli,EZY2686,N
4592972c,Arlyne,Dellinger,EZY2686,N
1b24b9d8,Edward,Strejan,EZY2686,N
4.09283E+13,Christoper,Sheneman,EZY2686,N
e94dbe3a,Melda,Colamarino,EZY2686,N
c3cef5c,Margot,Peay,EZY2686,N
3ba4eec0,Gerald,Drozdenko,EZY2686,N
9d7b0d47,Tomoko,Renno,EZY2686,N
8a36017,Mendy,Wassmann,EZY2686,N
39110a8d,Daryl,Hilcher,EZY2686,N
40b55f75,Ty,Feeback,EZY426,N
62d3ca1b,King,Vanacore,EZY426,N
181245f7,Isidra,Varnado,EZY426,N
f72a0d97,Tonja,Driesenga,EZY426,N
d86ab01c,Shaquana,Featherston,EZY426,N
8bd0123e,Gilberto,Feagins,EZY426,N
b462992,Rex,Faehnle,EZY426,N
1a61652f,Adolph,Cunningham,EZY426,N
3a78bcfb,Queen,Leader,EZY426,N
8d47be42,Rebbecca,Rufenacht,EZY426,N
7a876799,Ardella,Goldrup,EZY426,N
447a60f2,Dallas,Miyashiro,EZY426,N
cb2a96f8,Vivan,Jenious,EZY426,N
f543bba1,Han,Dzledzic,EZY426,N
61dc07d1,Emilio,Guitierrez,EZY426,N
b3918676,Latia,Cos,EZY426,N
7cc89288,Lilli,Cureau,EZY484,N
82a993b0,Maryanne,Siske,EZY484,N
bdb3055,Eliz,Strimple,EZY484,N
6c02c253,Laura,Gumaer,EZY484,N
239b4aa0,Leanora,Respicio,EZY484,N
9a381ffa,Sherell,Pomarico,EZY484,N
8290177c,Charlie,Isita,EZY484,N
550c8463,Veronique,Nuckolls,EZY484,N
58e52b25,Antonio,Villamarin,EZY484,N
81002581,Louvenia,Kincannon,EZY484,N
1ef7297,Roxanne,Hedegore,EZY484,N
9ff40dc8,Eve,Hoffstot,EZY484,N
c0c882ef,Kenda,Koza,EZY484,N
1389b33b,Elden,Mercik,EZY484,N
88b8683e,Kami,Ferre,EZY484,N
84fb4de6,Selene,Zeng,EZY484,N
45cddce2,Deangelo,Rardon,EZY484,N
44bdfb1f,Olen,Ailey,EZY488,N
3fda7ad2,Lanie,Smarsh,EZY488,N
50f8a9,Lynna,Breheny,EZY488,N
57dc8e40,Jody,Klitzing,EZY488,N
fff07181,Antonio,Glasford,EZY488,N
f5360b75,Merilyn,Scurci,EZY488,N
e9b40ef9,Elliott,Kins,EZY488,N
703bedeb,Leonie,Devereux,EZY488,N
9c391f96,Eulah,Syrop,EZY488,N
f6721bde,Marsha,Tarry,EZY488,N
4939ecec,Mignon,Luger,EZY488,N
321470be,Tu,Rivet,EZY488,N
90adc95c,Adelle,Schantini,EZY488,N
ff0d59c9,Douglass,Fonnesbeck,EZY488,N
b13c5f4b,Evette,Mazierski,EZY488,N
1f2cb390,Geraldo,Okoren,EZY488,N
530c3d79,Clarinda,Pelayo,EZY488,N
cf3c6478,Reuben,Mccorrison,EZY488,N
d2365c2d,Yen,Groody,EZY488,N
53aa252d,Tanja,Milne,EZY488,N
58565ccc,Jerlene,Holtgrewe,EZY488,N
eb66a444,Almeta,Keehner,EZY6979,N
ffede1e0,Wilda,Brigham,EZY6979,N
806d4dbb,Remedios,Arlinghaus,EZY6979,N
b4829b99,Margret,Alcazar,EZY6979,N
2eb7a273,Denny,Casalenda,EZY6979,N
3863f8f9,Carolynn,Atkison,EZY6979,N
30603d47,Amina,Goulbourne,EZY6979,N
6853c785,Janna,Przybyl,EZY6979,N
d886eb53,Emiko,Sayre,EZY6979,N
19be5c36,In,Muns,EZY6979,N
927b4b32,Eleni,Vanscoik,EZY6979,N
14c76f58,Kandis,Alsbury,EZY6979,N
95346d55,Kina,Saltman,EZY6979,N
b2d55a7a,Jacki,Sterback,EZY6979,N
b5bdfb2c,Fallon,Kerfoot,EZY6979,N
9e482d7f,Precious,Brabble,EZY6979,N
f4a29f92,Glory,Ona,EZY808,N
3cd396b0,Tamesha,Tyburski,EZY808,N
edc8baec,Brande,Cutlip,EZY808,N
786614fe,Olene,Skubis,EZY808,N
a40f0378,Carey,Marchetta,EZY808,N
42c0940e,Launa,Torez,EZY808,N
5dcfd475,Dominga,Whitrock,EZY808,N
cca52fac,Dwight,Belyea,EZY808,N
c55b9d63,Cornell,Mccrossin,EZY808,N
fbcc8f25,Alverta,Topete,EZY808,N
1cc20d4a,Felicia,Claybrooks,EZY808,N
f8352fe9,Carmen,Gillham,EZY808,N
3cfbf9f0,Ashlee,Beyl,EZY808,N
5e80a550,Vannessa,Land,EZY808,N
37e3d7ea,Patti,Rempel,EZY808,N
36996263,German,Meyerhoff,EZY808,N
33216800,Anika,Marse,EZY808,N
7dc1550b,Cristina,Marola,EZY808,N
5f736a79,Lemuel,Allis,EZY808,N
c7a702f6,Joaquin,Hysom,EZY808,N
15ce2aa9,Kerrie,Makuch,EZY808,N
6b27b9a9,Alaine,Raterman,FR1049,N
8e09ba98,Shannon,Kobayashi,FR1049,N
bcaad034,Corinne,Holman,FR1049,N
79efd42a,Heidy,Hallford,FR1049,N
74f297a1,Marylyn,Shonerd,FR1049,N
816a3e0,Maryln,Mortenson,FR1049,N
e547a3f5,Pearlie,Flori,FR1049,N
55255c39,Nina,Yaklin,FR1049,N
80455528,Vivienne,Torrain,FR1049,N
82bd4ec3,Jacob,Kippel,FR1049,N
b82c5670,Tula,Nahmias,FR1049,N
203b146c,Berry,Scandalis,FR1049,N
e7cf8b97,Kaycee,Carsten,FR1049,N
6066e7e5,Melvin,Setter,FR1049,N
47419d63,Brianne,Matsumura,FR5160,N
27a8f97f,Eugene,Pelzer,FR5160,N
a2cdd1c1,Margery,Rohrs,FR5160,N
a7bc27f4,Noel,Sarra,FR5160,N
ad621922,Beula,Lingo,FR5160,N
cfcb1ae1,Sheridan,Mckenize,FR5160,N
5cb32ace,Dino,Meinert,FR5160,N
4f9df8c9,Rebbeca,Rubinstein,FR5160,N
c85e809e,Celia,Reisling,FR5160,N
e4ad022c,Stefania,Weatherwax,FR5160,N
7719df7,Leah,Luchterhand,FR5160,N
166fff34,Billy,Selma,FR5160,N
6fec40c9,Doug,Lucore,FR5160,N
aeb87eae,Veronica,Mcclodden,FR5160,N
2ee7dd49,Laquanda,Kho,FR5160,N
725c2374,Mohammad,Poitra,FR5160,N
76a9eca3,Mozell,Westad,FR5160,N
fe467e39,Bronwyn,Bridgford,FR5160,N
9a59e53b,Jeff,Brossoit,FR5160,N
7d0960bc,Shantay,Hopman,FR5160,N
e01cf538,Chantay,Jirsa,FR5160,N
be054f65,Keneth,Stpierrie,FR5160,N
8c472760,Alton,Rampy,FR5160,N
5a780fd6,Patrick,Teisberg,FR5160,N
ddc4b94e,Theron,Merriam,FR5834,N
ef51da42,Pilar,Seelig,FR5834,N
dca0a5a8,Lashunda,Argiro,FR5834,N
4d3deaed,Verda,Chiphe,FR5834,N
8e399d15,Ashley,Tropp,FR5834,N
d2eb72cc,Vesta,Havely,FR5834,N
ab63be19,Emogene,Ritthaler,FR5834,N
c71dc0b6,Shayne,Mordhorst,FR5834,N
c6d1a56d,Franchesca,Charry,FR5834,N
a2dfaa34,Elmira,Ringlein,FR5834,N
5d976fca,Destiny,Madlem,FR5834,N
a9656faa,Gaston,Szumski,FR5834,N
57d2ce2,Ronna,Mittler,FR5834,N
a3acb130,Angelica,Poisso,FR6652,N
8c06e09,Casie,Arzilli,FR6652,N
955eefa9,Magdalene,Cocherell,FR6652,N
d6d4b6ec,Erasmo,Gath,FR6652,N
500c5c50,Rosalia,Ziv,FR6652,N
d9c32814,Lyda,Cronholm,FR6652,N
ffb0e420,Lisandra,Stueber,FR6652,N
482f9004,Sabina,Prok,FR6652,N
27ac4e21,Elenore,Gomoran,FR6652,N
3d38634f,Brynn,Capra,FR6652,N
e5cc5e05,Leeann,Flory,FR6652,N
6934c0db,Janet,Steimer,FR6652,N
6a558ea3,Lewis,Mellom,FR6652,N
cfbe2a65,Jestine,Driscol,FR6652,N
8a810e25,Tatum,Parks,FR6652,N
a94ffc0b,Kayleigh,Bendle,FR6652,N
573de0a0,Lili,Imondi,FR6652,N
fd02dbc2,Sunshine,Senechal,FR6652,N
a9750b50,Remona,Heier,FR6652,N
3bf6f72e,Gail,Carris,FR6652,N
641ae744,Dong,Oropeza,FR6652,N
9ce591ee,Larue,Ocacio,FR6652,N
be79d097,Goldie,Sonkens,FR6652,N
2f10bddf,Shelia,Plues,FR815,N
c16fcdfd,Narcisa,Araiza,FR815,N
4ea1e20c,Evelynn,Frede,FR815,N
8194a182,Arlean,Calaf,FR815,N
8105ee5f,Tamra,Yu,FR815,N
6023b9c0,Dusti,Maricle,FR815,N
7d315401,Aracelis,Donham,FR815,N
e29bbbae,Filiberto,Fredrikson,FR815,N
f13ae6b3,Leana,Stackpole,FR815,N
94c9b43d,Man,Homer,FR815,N
73f3ee04,Lennie,Asley,FR815,N
8a3ce8c5,Arletta,Naomi,FR815,N
8c0469b9,Chana,Perera,FR815,N
7fec1ad4,Nell,Pao,FR815,N
fda5070e,Antonio,Heilig,FR815,N
3ba83148,Gerald,Kernagis,LM335,N
4c576660,Sueann,Mandril,LM335,N
bb387830,Alayna,Hoyal,LM335,N
e2d7006d,Talia,Marthe,LM335,N
be8b693b,Pansy,Kopan,LM335,N
7cf9c247,Royce,Saik,LM335,N
83052756,Cherelle,Sorrel,LM335,N
f6475c48,Dudley,Dibartolo,LM335,N
f2592c52,Nettie,Aldaco,LM335,N
85e2c0bd,Carline,Bulcao,LM335,N
dbf71ad7,Shanda,Lunger,LM347,N
615c824b,Emilio,Withers,LM347,N
12b0053e,Lovetta,Study,LM347,N
d44f2fec,Felice,Gone,LM347,N
d346e287,Stefania,Leadbeater,LM347,N
a9e330ad,Margarita,Orloski,LM347,N
4c02ecd8,Paul,Farrin,LM347,N
afc2965c,Anglea,Tritten,LM347,N
6.7087E+11,Ona,Bowhall,LM347,N
c1e85812,Germaine,Hascall,LM347,N
6303fc5,Vicky,Schellenberge,LM347,N
6d5b113c,Carolann,Gross,LM347,N
ebc1529a,Rusty,Adelsperger,LM347,N
f01bd51,Cassandra,Bludworth,LM347,N
4d05d204,Teresita,Gesell,LM347,N
5fa6364,Evangelina,Gius,LM365,N
a3a9565e,Marlon,Tromblay,LM365,N
2e715e9f,Quiana,Scarsella,LM365,N
acf4557d,Viki,Humeniuk,LM365,N
4dedc363,Domitila,Weissmann,LM365,N
f268338f,Ivan,Aronov,LM365,N
4d97a874,Anabel,Baldock,LM365,N
1b5c0226,Carlton,Blyler,LM365,N
3ef855fd,Rashida,Vera,LM365,N
38acc3d,Sherron,Knodel,LM365,N
6a6b0779,Cora,Mossing,LM365,N
570e0b3c,Altha,Tischner,LM365,N
64059c40,Dortha,Yaccarino,LM365,N
f8755f8e,Diego,Augle,LM365,N
7b8e7641,Peggy,Khov,LM365,N
a7fbf255,Walton,Yuki,LM385,N
13e013ce,Vallie,Yafaie,LM385,N
9afdf66d,Tony,Diazdeleon,LM385,N
1bcebc2b,Val,Villot,LM385,N
3500c33d,Mel,Picciuto,LM385,N
8846fe56,Isabella,Piatkowski,LM385,N
4ca0b5f9,Erasmo,Rhea,LM385,N
7a9d89e2,Ivory,Lohrenz,LM385,N
b7bd9bba,Nikita,Walka,LM385,N
30d5b84e,Aleta,Ligons,LM385,N
880fb015,Owen,Jentzen,LM385,N
f222c517,Pauline,Fling,LM385,N
c5703bb4,Tijuana,Machalek,LM385,N
208786ed,Ahmad,Alsaqri,LM385,N
839d11df,Jamika,Conoly,LM385,N
803e6038,Derrick,Dolloff,LM397,N
441e7bc4,Jacquelyne,Reibman,LM397,N
ead1050a,Zachary,Freeburger,LM397,N
e2c31132,Sophia,Gaucher,LM397,N
130bc0d9,Isabelle,Kono,LM397,N
f3495311,Ronnie,Brigman,LM397,N
7e47753a,Krystina,Schlabaugh,LM397,N
3c549280,Rosita,Ausdemore,LM397,N
eb4a679b,Huey,Stancil,LM397,N
ec771c65,Elbert,Fiorino,LM397,N
b3311945,Pura,Manciel,LM397,N
8babb41b,Alesia,Katie,LM397,N
dbce0a45,Avery,Veit,LM397,N
117b55fd,Reid,Euresti,LM397,N
f2bc5d98,Charlette,Brenning,LM397,N
1d95b4f9,Celestina,Keeny,LM397,N
99af1a90,Mi,Richan,LM397,N
